{"mean":{"confidence_interval":{"confidence_level":0.95,"lower_bound":31934.480076590604,"upper_bound":32536.503510332514},"point_estimate":32208.931050424497,"standard_error":153.89037624405861},"median":{"confidence_interval":{"confidence_level":0.95,"lower_bound":31581.020056655245,"upper_bound":31638.60666392994},"point_estimate":31600.851183231913,"standard_error":16.97794306263259},"median_abs_dev":{"confidence_interval":{"confidence_level":0.95,"lower_bound":93.15422328871244,"upper_bound":195.26660179920748},"point_estimate":127.87397781601283,"standard_error":28.024868184349238},"slope":{"confidence_interval":{"confidence_level":0.95,"lower_bound":31915.58770300875,"upper_bound":33182.79635106355},"point_estimate":32497.267967366988,"standard_error":326.87869347444393},"std_dev":{"confidence_interval":{"confidence_level":0.95,"lower_bound":916.2373731589514,"upper_bound":2140.579376425839},"point_estimate":1555.7304399528562,"standard_error":317.22129119124867}}