{"mean":{"confidence_interval":{"confidence_level":0.95,"lower_bound":-0.0024107584133695736,"upper_bound":0.048397477418889036},"point_estimate":0.021159754179581602,"standard_error":0.012747877871992984},"median":{"confidence_interval":{"confidence_level":0.95,"lower_bound":-0.01385255570403221,"upper_bound":0.018544877016841932},"point_estimate":0.010088400176418322,"standard_error":0.007467173240542314}}