{"mean":{"confidence_interval":{"confidence_level":0.95,"lower_bound":8393.957958099847,"upper_bound":8555.815095531096},"point_estimate":8466.162368692148,"standard_error":41.38526927291659},"median":{"confidence_interval":{"confidence_level":0.95,"lower_bound":8297.34484805318,"upper_bound":8360.34677390887},"point_estimate":8313.486154513888,"standard_error":16.157595788916552},"median_abs_dev":{"confidence_interval":{"confidence_level":0.95,"lower_bound":66.16947168850479,"upper_bound":143.93388933455714},"point_estimate":86.97064149520466,"standard_error":19.541818032818913},"slope":{"confidence_interval":{"confidence_level":0.95,"lower_bound":8366.056030174475,"upper_bound":8655.038512812684},"point_estimate":8476.445714606287,"standard_error":77.76754378356716},"std_dev":{"confidence_interval":{"confidence_level":0.95,"lower_bound":219.978101848879,"upper_bound":607.5891464999689},"point_estimate":416.49477882960474,"standard_error":105.88647540341098}}