{"mean":{"confidence_interval":{"confidence_level":0.95,"lower_bound":-0.016900081277216428,"upper_bound":0.0013002022185593994},"point_estimate":-0.007792811489871765,"standard_error":0.004612871731943034},"median":{"confidence_interval":{"confidence_level":0.95,"lower_bound":-0.0014654359141963447,"upper_bound":0.00014918070213187917},"point_estimate":-0.0005655401076249955,"standard_error":0.0003968433342907138}}