{"mean":{"confidence_interval":{"confidence_level":0.95,"lower_bound":0.017269345352221112,"upper_bound":0.11518273979325817},"point_estimate":0.050329050397353026,"standard_error":0.026430056869086806},"median":{"confidence_interval":{"confidence_level":0.95,"lower_bound":0.004034078734032498,"upper_bound":0.009180086425939704},"point_estimate":0.006963630964953893,"standard_error":0.0013333067005147194}}