{"mean":{"confidence_interval":{"confidence_level":0.95,"lower_bound":-0.0824154311200294,"upper_bound":-0.0047131480377822325},"point_estimate":-0.03679787508552834,"standard_error":0.020766242034017546},"median":{"confidence_interval":{"confidence_level":0.95,"lower_bound":-0.0038314305919602276,"upper_bound":0.0014125421053510223},"point_estimate":-0.00013063210167352235,"standard_error":0.0013439402739766015}}