{"mean":{"confidence_interval":{"confidence_level":0.95,"lower_bound":11450879.978600008,"upper_bound":12438900.683650002},"point_estimate":11895256.916000007,"standard_error":254444.15823681524},"median":{"confidence_interval":{"confidence_level":0.95,"lower_bound":11037766.7,"upper_bound":11161800.0},"point_estimate":11110304.2,"standard_error":31863.269000761822},"median_abs_dev":{"confidence_interval":{"confidence_level":0.95,"lower_bound":221401.69490933474,"upper_bound":414806.56495571026},"point_estimate":318938.24067771353,"standard_error":48387.39206502998},"slope":null,"std_dev":{"confidence_interval":{"confidence_level":0.95,"lower_bound":1376097.4168137526,"upper_bound":3600863.8940445133},"point_estimate":2547734.2376300306,"standard_error":581217.0692481467}}