{"mean":{"confidence_interval":{"confidence_level":0.95,"lower_bound":-0.053722188729763753,"upper_bound":-0.014798508615245},"point_estimate":-0.03228111274684975,"standard_error":0.010036067332631505},"median":{"confidence_interval":{"confidence_level":0.95,"lower_bound":-0.016370139520173965,"upper_bound":-0.007843811997951922},"point_estimate":-0.013338634022157736,"standard_error":0.0024277147307573592}}