{"mean":{"confidence_interval":{"confidence_level":0.95,"lower_bound":0.014094543983751796,"upper_bound":0.03248886334573988},"point_estimate":0.022585139833695367,"standard_error":0.004734238952198764},"median":{"confidence_interval":{"confidence_level":0.95,"lower_bound":0.007997185839725196,"upper_bound":0.016022122713710063},"point_estimate":0.009984258212931252,"standard_error":0.002068412000443058}}