{"mean":{"confidence_interval":{"confidence_level":0.95,"lower_bound":0.019181611819361934,"upper_bound":0.09885081804495403},"point_estimate":0.05817957379328731,"standard_error":0.02094002519927421},"median":{"confidence_interval":{"confidence_level":0.95,"lower_bound":-0.012476185373694104,"upper_bound":0.0017682403211955538},"point_estimate":-0.006882429183091565,"standard_error":0.003796451551935374}}