{"mean":{"confidence_interval":{"confidence_level":0.95,"lower_bound":-0.09599271740694623,"upper_bound":0.005528765454307286},"point_estimate":-0.042564010428423504,"standard_error":0.026036099255218995},"median":{"confidence_interval":{"confidence_level":0.95,"lower_bound":-0.15239543755875917,"upper_bound":0.12449208054219141},"point_estimate":-0.04323918959954476,"standard_error":0.05430713317060703}}