{"mean":{"confidence_interval":{"confidence_level":0.95,"lower_bound":-0.08110795706332918,"upper_bound":-0.04552581954965074},"point_estimate":-0.06283810003134682,"standard_error":0.009073137000041347},"median":{"confidence_interval":{"confidence_level":0.95,"lower_bound":-0.06445319495903579,"upper_bound":-0.02380746792235604},"point_estimate":-0.03575221175832699,"standard_error":0.010411013171357342}}