{"mean":{"confidence_interval":{"confidence_level":0.95,"lower_bound":0.03674678307660983,"upper_bound":0.10377603002922191},"point_estimate":0.06434832230756515,"standard_error":0.017067100797604606},"median":{"confidence_interval":{"confidence_level":0.95,"lower_bound":0.0145452763020113,"upper_bound":0.04532159500412214},"point_estimate":0.036050779163905755,"standard_error":0.007737286934675337}}