{"mean":{"confidence_interval":{"confidence_level":0.95,"lower_bound":-0.04525068010393516,"upper_bound":-0.012909155236230537},"point_estimate":-0.02972082412464183,"standard_error":0.008235838038197423},"median":{"confidence_interval":{"confidence_level":0.95,"lower_bound":-0.0682083649571098,"upper_bound":-0.051768733878398865},"point_estimate":-0.06580115321589064,"standard_error":0.004522036004180657}}