{"mean":{"confidence_interval":{"confidence_level":0.95,"lower_bound":-0.0934784420280424,"upper_bound":-0.014741706649121528},"point_estimate":-0.05022590387588588,"standard_error":0.020339011199287795},"median":{"confidence_interval":{"confidence_level":0.95,"lower_bound":-0.024852596658033632,"upper_bound":-0.007704246371421086},"point_estimate":-0.015140466916315765,"standard_error":0.00446256195258321}}