{"mean":{"confidence_interval":{"confidence_level":0.95,"lower_bound":-0.008509425471427383,"upper_bound":0.012547774414756832},"point_estimate":0.0025696734299911483,"standard_error":0.005397546490015455},"median":{"confidence_interval":{"confidence_level":0.95,"lower_bound":0.014280643464036347,"upper_bound":0.020780855424431754},"point_estimate":0.01727217389958846,"standard_error":0.0017876859649764933}}