{"mean":{"confidence_interval":{"confidence_level":0.95,"lower_bound":-0.027765619409748914,"upper_bound":-0.0004009657247190246},"point_estimate":-0.014222782953844826,"standard_error":0.00706364354682056},"median":{"confidence_interval":{"confidence_level":0.95,"lower_bound":-0.03260693906481775,"upper_bound":-0.010617164942392288},"point_estimate":-0.021889659644877546,"standard_error":0.005614524094049006}}