{"mean":{"confidence_interval":{"confidence_level":0.95,"lower_bound":-0.01376117297341048,"upper_bound":0.0039152046378224835},"point_estimate":-0.005277903146597596,"standard_error":0.004543059239586605},"median":{"confidence_interval":{"confidence_level":0.95,"lower_bound":-0.012954281547360114,"upper_bound":-0.009649752689808277},"point_estimate":-0.011770340448616023,"standard_error":0.000854050117150828}}