{"mean":{"confidence_interval":{"confidence_level":0.95,"lower_bound":-0.14407325508110883,"upper_bound":-0.12169630219217141},"point_estimate":-0.13316626623620587,"standard_error":0.005690381410017174},"median":{"confidence_interval":{"confidence_level":0.95,"lower_bound":-0.15455707078452474,"upper_bound":-0.15071068327143777},"point_estimate":-0.15254072862714319,"standard_error":0.0010773432725590937}}