{"mean":{"confidence_interval":{"confidence_level":0.95,"lower_bound":0.13498693505647683,"upper_bound":0.2234301719511597},"point_estimate":0.18326683642997543,"standard_error":0.022343201629340417},"median":{"confidence_interval":{"confidence_level":0.95,"lower_bound":0.08065074142752904,"upper_bound":0.09582665788262444},"point_estimate":0.08336923171625399,"standard_error":0.00654139656919015}}